{
  "name": "KalmanFilter",
  "version": "1.0.0",
  "author": "Dang coi, ChatGPT",
  "maintainer": "Dang coi <your.email@example.com>",
  "sentence": "Kalman filter for multiple channels on Arduino.",
  "paragraph": "This library provides an implementation of the Kalman filter algorithm for multiple channels using dynamic memory allocation. Suitable for signal processing and estimation in noisy environments.",
  "category": "Signal Input/Output",
  "url": "https://your-repository-url.com",
  "architectures": [
    "*"
  ],
  "keywords": [
    "Kalman",
    "filter",
    "signal",
    "estimation",
    "channels"
  ],
  "repository": {
    "type": "git",
    "url": "https://github.com/your-repository/KalmanFilter.git"
  },
  "frameworks": "arduino",
  "platforms": "*"
}
